day_type,hour,total_volume,avg_station_volume
weekday,0,228802,1292.6666666666667
weekday,5,836993,4524.286486486487
weekday,6,4905007,26513.55135135135
weekday,7,10752810,58123.2972972973
weekday,8,12135168,65595.50270270271
weekday,9,7766029,41978.535135135135
weekday,10,4744385,25645.324324324323
weekday,11,4848546,26208.356756756755
weekday,12,5511455,29791.64864864865
weekday,13,5798538,31343.44864864865
weekday,14,5351625,28927.702702702703
weekday,15,5399415,29186.027027027027
weekday,16,6300266,34055.49189189189
weekday,17,10559169,57076.58918918919
weekday,18,14946078,80789.61081081082
weekday,19,9770954,52815.96756756757
weekday,20,6340599,34273.50810810811
weekday,21,5416352,29277.578378378377
weekday,22,3835952,20734.875675675677
weekday,23,1642851,8880.275675675675
weekends/holiday,0,182489,1048.787356321839
weekends/holiday,5,190093,1038.75956284153
weekends/holiday,6,1033678,5587.4486486486485
weekends/holiday,7,1737172,9390.118918918919
weekends/holiday,8,2321151,12546.762162162162
weekends/holiday,9,2793207,15098.416216216216
weekends/holiday,10,3093474,16721.48108108108
weekends/holiday,11,3371122,18222.28108108108
weekends/holiday,12,3634400,19645.405405405407
weekends/holiday,13,3766893,20361.583783783783
weekends/holiday,14,3623982,19589.09189189189
weekends/holiday,15,3668068,19827.394594594596
weekends/holiday,16,3928264,21233.859459459458
weekends/holiday,17,4297401,23229.194594594595
weekends/holiday,18,4247332,22958.55135135135
weekends/holiday,19,3790554,20489.48108108108
weekends/holiday,20,3321828,17955.827027027026
weekends/holiday,21,3069794,16593.48108108108
weekends/holiday,22,2300636,12435.87027027027
weekends/holiday,23,1090216,5893.0594594594595
