line_name,total_volume,station_count,avg_hourly_volume
East-West Line,51997920,32,40623.375
North-South Line ,47058637,24,49019.41354166667
North East Line,29005589,15,48342.64833333333
Thomson-East Coast Line,13993824,23,15210.678260869565
Circle Line,13507836,22,15349.813636363637
Downtown Line,12444922,24,12990.52400835073
Bukit Panjang LRT,4116779,12,8930.106290672451
Punggol LRT,3043553,14,5434.916071428572
Circle Line (inferred),2571162,4,16069.7625
Sengkang LRT,2460086,13,4730.934615384615
Changi Airport Branch Line,2352440,2,29405.5
