station_code,station_name,line_name,2026-06,2026-07,2026-08,2026-09,absolute_change,percent_change,growth_quality
CC2,Bras Basah,Circle Line,215842.0,262933.0,297812.0,312104.0,96262.0,44.59836361783156,reliable
DT8,Tan Kah Kee,Downtown Line,203961.0,330317.0,319480.0,284188.0,80227.0,39.334480611489454,reliable
CC24,Kent Ridge,Circle Line,1088240.0,1310504.0,1435844.0,1443469.0,355229.0,32.64252370800559,reliable
NE18,Punggol Coast,North East Line,745202.0,823699.0,804736.0,956347.0,211145.0,28.333928250326757,reliable
CC28,Telok Blangah,Circle Line,221226.0,269130.0,283056.0,278188.0,56962.0,25.748329762324502,reliable
DT21,Bencoolen,Downtown Line,457160.0,551244.0,601968.0,574148.0,116988.0,25.59016536879867,reliable
TE11,Stevens,Thomson-East Coast Line,218105.0,286625.0,287271.0,269862.0,51757.0,23.730313381169623,reliable
CC12,Bartley,Circle Line,401044.0,543981.0,529855.0,494941.0,93897.0,23.413141700162576,reliable
CC8,Dakota,Circle Line,360492.0,470123.0,479731.0,443461.0,82969.0,23.01548994152436,reliable
DT6,King Albert Park,Downtown Line,337851.0,456303.0,444105.0,410205.0,72354.0,21.415949634602235,reliable
DT10,Stevens,Downtown Line,190506.0,246860.0,239048.0,229703.0,39197.0,20.575204980420565,reliable
CC14,Lorong Chuan,Circle Line,379667.0,478113.0,481317.0,456712.0,77045.0,20.29278288605541,reliable
EW28,Pioneer,East-West Line,1555767.0,1786862.0,1947868.0,1862078.0,306311.0,19.688745165567852,reliable
CC17/TE9,Caldecott,Circle Line,418030.0,530875.0,529869.0,498913.0,80883.0,19.348611343683466,interchange_code
TE27,Marine Terrace,Thomson-East Coast Line,295629.0,383791.0,387271.0,352361.0,56732.0,19.19026888431108,reliable
SE5,Ranggung,Sengkang LRT,141779.0,181463.0,178161.0,168817.0,27038.0,19.070525254092637,reliable
CC20,Farrer Road,Circle Line,273811.0,332469.0,339346.0,324505.0,50694.0,18.514230618930576,reliable
CC27,Labrador Park,Circle Line,410146.0,488385.0,456429.0,485433.0,75287.0,18.356146347885876,reliable
TE28,Siglap,Thomson-East Coast Line,211198.0,264685.0,265443.0,247796.0,36598.0,17.328762582979003,reliable
CC25,Haw Par Villa,Circle Line,349917.0,413276.0,416162.0,408704.0,58787.0,16.800269778261704,reliable
CC5,Nicoll Highway,Circle Line,254980.0,325695.0,351244.0,297631.0,42651.0,16.727194289748216,reliable
DT13,Rochor,Downtown Line,567173.0,629721.0,676033.0,661221.0,94048.0,16.581889476403145,reliable
CC7,Mountbatten,Circle Line,302517.0,382915.0,397637.0,352641.0,50124.0,16.568986205733893,reliable
DT7,Sixth Avenue,Downtown Line,224849.0,263938.0,267230.0,261976.0,37127.0,16.511970255593756,reliable
CC21,Holland Village,Circle Line,536928.0,624906.0,658747.0,623878.0,86950.0,16.193977591036415,reliable
NE11,Woodleigh,North East Line,807715.0,948781.0,967519.0,932377.0,124662.0,15.433909237788082,reliable
TE5,Lentor,Thomson-East Coast Line,353023.0,421075.0,416200.0,406785.0,53762.0,15.22903606847146,reliable
CC16,Marymount,Circle Line,377099.0,488039.0,469285.0,433346.0,56247.0,14.915711789211853,reliable
TE7,Bright Hill,Thomson-East Coast Line,338249.0,417024.0,418169.0,388246.0,49997.0,14.781122782328996,reliable
TE29,Bayshore,Thomson-East Coast Line,193186.0,226978.0,233654.0,221105.0,27919.0,14.451875394697339,reliable
SW3,Kupang,Sengkang LRT,80127.0,100230.0,95655.0,91564.0,11437.0,14.27359067480375,reliable
PW7,Soo Teck,Punggol LRT,173818.0,209803.0,208070.0,198188.0,24370.0,14.02041215524284,reliable
TE24,Katong Park,Thomson-East Coast Line,166983.0,208210.0,214783.0,190097.0,23114.0,13.842127641735985,reliable
PW6,Sumang,Punggol LRT,80054.0,99226.0,94246.0,90977.0,10923.0,13.64453993554351,reliable
PE2,Meridian,Punggol LRT,289667.0,353471.0,343757.0,329146.0,39479.0,13.629098240393278,reliable
PE1,Cove,Punggol LRT,198558.0,238379.0,234643.0,224537.0,25979.0,13.083834446358242,reliable
EW25,Chinese Garden,East-West Line,765690.0,827178.0,853394.0,865279.0,99589.0,13.006438637046324,reliable
BP4,Teck Whye,Bukit Panjang LRT,117789.0,196944.0,220052.0,133042.0,15253.0,12.94942651690735,reliable
SW6,Layar,Sengkang LRT,126618.0,154902.0,151602.0,142987.0,16369.0,12.92786175741206,reliable
SE1,Compassvale,Sengkang LRT,226531.0,273449.0,266744.0,255568.0,29037.0,12.81811319422066,reliable
TE6,Mayflower,Thomson-East Coast Line,642443.0,772702.0,757923.0,723076.0,80633.0,12.550996742123427,reliable
TE3,Woodlands South ,Thomson-East Coast Line,650873.0,776294.0,749601.0,732303.0,81430.0,12.510889221092286,reliable
TE16,Havelock,Thomson-East Coast Line,406160.0,502460.0,502978.0,456942.0,50782.0,12.502954500689384,reliable
CC23,one-north,Circle Line,738075.0,841285.0,784491.0,830101.0,92026.0,12.468380584628934,reliable
PE4,Riviera,Punggol LRT,95653.0,109495.0,108582.0,107342.0,11689.0,12.220212643618078,reliable
PE3,Coral Edge,Punggol LRT,330561.0,384287.0,387817.0,370278.0,39717.0,12.015028996161071,reliable
BP12,Jelapang,Bukit Panjang LRT,138863.0,177224.0,173476.0,155379.0,16516.0,11.893736992575416,reliable
SE3,Bakau,Sengkang LRT,161791.0,193391.0,186768.0,180898.0,19107.0,11.80968039013295,reliable
CC3,Esplanade,Circle Line,435722.0,489240.0,493146.0,487179.0,51457.0,11.809594190791376,reliable
NE10,Potong Pasir,North East Line,859370.0,1026791.0,1002394.0,960527.0,101157.0,11.771064849831854,reliable
CC26,Pasir Panjang,Circle Line,329485.0,372985.0,362577.0,368030.0,38545.0,11.698559873742354,reliable
DT34,Upper Changi,Downtown Line,289708.0,331559.0,311897.0,323432.0,33724.0,11.640686484322146,reliable
EW26,Lakeside,East-West Line,1795527.0,2040707.0,2049099.0,2002960.0,207433.0,11.55276417452926,reliable
TE26,Marine Parade,Thomson-East Coast Line,623832.0,732719.0,776408.0,695328.0,71496.0,11.460777901742777,reliable
TE15,Great World,Thomson-East Coast Line,535594.0,611621.0,636211.0,595899.0,60305.0,11.25946145774598,reliable
NE13,Kovan,North East Line,1248079.0,1453743.0,1438653.0,1384408.0,136329.0,10.923106630269398,reliable
PE7,Damai,Punggol LRT,208778.0,248466.0,241047.0,231551.0,22773.0,10.907758480299648,reliable
PW3,Punggol Point,Punggol LRT,47262.0,58003.0,56952.0,52376.0,5114.0,10.820532351572087,reliable
TE25,Tanjong Katong,Thomson-East Coast Line,157472.0,180555.0,188651.0,174351.0,16879.0,10.718730948994107,reliable
PW2,Teck Lee,Punggol LRT,10101.0,11350.0,11204.0,11180.0,1079.0,10.682110682110682,reliable
NE15,Buangkok,North East Line,1281343.0,1484917.0,1459910.0,1418076.0,136733.0,10.671069338967005,reliable
TE18,Maxwell,Thomson-East Coast Line,596344.0,731917.0,748650.0,659016.0,62672.0,10.509370430489785,reliable
TE13,Orchard Boulevard,Thomson-East Coast Line,235936.0,276017.0,290399.0,260682.0,24746.0,10.488437542384375,reliable
PE5,Kadaloor,Punggol LRT,305162.0,373282.0,363102.0,336663.0,31501.0,10.322713837240547,reliable
NE17/PTC,Punggol,North East Line,2359777.0,2721749.0,2746228.0,2598375.0,238598.0,10.111040153370425,interchange_code
DT3,Hillview,Downtown Line,349091.0,395314.0,398115.0,384229.0,35138.0,10.065570295424402,reliable
DT4,Hume,Downtown Line,121180.0,135960.0,137313.0,133336.0,12156.0,10.031358309952138,reliable
NS17/CC15,Bishan,North-South Line ,1455144.0,1735072.0,1693478.0,1600928.0,145784.0,10.018527375984783,interchange_code
DT25,Mattar,Downtown Line,245045.0,278150.0,273206.0,269526.0,24481.0,9.990409924707706,reliable
DT27,Ubi,Downtown Line,545427.0,619041.0,598808.0,599521.0,54094.0,9.917734178909368,reliable
SW7,Tongkang,Sengkang LRT,79756.0,92544.0,90258.0,87504.0,7748.0,9.714629620342043,reliable
DT30,Bedok Reservoir,Downtown Line,496067.0,572199.0,555583.0,544245.0,48178.0,9.711994549123405,reliable
EW21/CC22,Buona Vista,East-West Line,1523789.0,1776575.0,1704560.0,1669104.0,145315.0,9.536425318728512,interchange_code
EW23,Clementi,East-West Line,2571325.0,3023326.0,2948614.0,2814416.0,243091.0,9.453919671764558,reliable
EW4,Tanah Merah,East-West Line,843989.0,983775.0,979296.0,923197.0,79208.0,9.384956439005721,reliable
DT2,Cashew,Downtown Line,198438.0,233804.0,223487.0,216482.0,18044.0,9.093016458541207,reliable
EW19,Queenstown,East-West Line,900966.0,1029721.0,1009976.0,982395.0,81429.0,9.037965916582866,reliable
EW1,Pasir Ris,East-West Line,1625781.0,1842965.0,1841102.0,1772696.0,146915.0,9.036579957571162,reliable
NE8,Farrer Park,North East Line,1680101.0,1860743.0,1952627.0,1830191.0,150090.0,8.933391504439317,reliable
TE12,Napier,Thomson-East Coast Line,272549.0,308651.0,313430.0,296895.0,24346.0,8.93270567861192,reliable
NE16/STC,Sengkang,North East Line,2515485.0,2852122.0,2795081.0,2739436.0,223951.0,8.902895465486775,interchange_code
TE19,Shenton Way,Thomson-East Coast Line,687072.0,788330.0,723920.0,747656.0,60584.0,8.817707605607565,reliable
SE2,Rumbia,Sengkang LRT,290361.0,332449.0,329945.0,315729.0,25368.0,8.73671050864269,reliable
PE6,Oasis,Punggol LRT,385006.0,442810.0,432168.0,418499.0,33493.0,8.69934494527358,reliable
PW1,Sam Kee,Punggol LRT,111876.0,122191.0,121853.0,121433.0,9557.0,8.54249347491866,reliable
EW3,Simei,East-West Line,944913.0,1071992.0,1060772.0,1025065.0,80152.0,8.482474047875307,reliable
SW4,Thanggam,Sengkang LRT,154626.0,177731.0,175183.0,167715.0,13089.0,8.464941212991347,reliable
PW5,Nibong,Punggol LRT,158817.0,182337.0,184843.0,172213.0,13396.0,8.434865285202466,reliable
CC4/DT15,Promenade,Circle Line,1196944.0,1348649.0,1355943.0,1297374.0,100430.0,8.39053456134957,interchange_code
DT17,Downtown,Downtown Line,1081325.0,1235413.0,1129992.0,1171175.0,89850.0,8.30925022541789,reliable
CC10/DT26,MacPherson,Circle Line,997635.0,1134807.0,1108639.0,1080089.0,82454.0,8.26494659870594,interchange_code
NS12,Canberra,North-South Line ,1140909.0,1305249.0,1278762.0,1234802.0,93893.0,8.229665994395695,reliable
EW27,Boon Lay,East-West Line,2692373.0,2976736.0,3048465.0,2910648.0,218275.0,8.10716048630706,reliable
NE12/CC13,Serangoon,North East Line,3150658.0,3585181.0,3566713.0,3401950.0,251292.0,7.97585774146226,interchange_code
SW5,Fernvale,Sengkang LRT,340685.0,390079.0,382821.0,367847.0,27162.0,7.972760761407165,reliable
NS18,Braddell,North-South Line ,798679.0,916386.0,896403.0,862315.0,63636.0,7.967656592949107,reliable
TE8,Upper Thomson,Thomson-East Coast Line,560021.0,633478.0,638244.0,604520.0,44499.0,7.945952026798995,reliable
DT33,Tampines East,Downtown Line,949569.0,1099803.0,1049626.0,1023866.0,74297.0,7.824286597393133,reliable
CC11,Tai Seng,Circle Line,1101899.0,1229520.0,1160814.0,1186724.0,84825.0,7.698073961406626,reliable
NE9,Boon Keng,North East Line,1292704.0,1474145.0,1429443.0,1391889.0,99185.0,7.672676807683739,reliable
DT5,Beauty World,Downtown Line,863435.0,975909.0,966242.0,929440.0,66005.0,7.64446657826009,reliable
NE14,Hougang,North East Line,1610609.0,1819833.0,1790378.0,1733110.0,122501.0,7.605880756906239,reliable
CC19/DT9,Botanic Gardens,Circle Line,354713.0,412116.0,447782.0,380986.0,26273.0,7.406833129882469,interchange_code
EW8/CC9,Paya Lebar,East-West Line,2674797.0,2996152.0,3033489.0,2864871.0,190074.0,7.106109360822523,interchange_code
EW24/NS1,Jurong East,East-West Line,3871022.0,4233384.0,4334293.0,4137123.0,266101.0,6.874179480250951,interchange_code
EW20,Commonwealth,East-West Line,744054.0,838865.0,813868.0,795133.0,51079.0,6.864958726113965,reliable
NE7/DT12,Little India,North East Line,1599569.0,1783997.0,1869357.0,1709169.0,109600.0,6.851845715939731,interchange_code
EW11,Lavender,East-West Line,1011439.0,1162362.0,1172947.0,1079559.0,68120.0,6.734958806215699,reliable
EW18,Redhill,East-West Line,994019.0,1118792.0,1078883.0,1060573.0,66554.0,6.695445459292025,reliable
NS11,Sembawang,North-South Line ,2202475.0,2498946.0,2462633.0,2349748.0,147273.0,6.686704729906129,reliable
TE23,Tanjong Rhu,Thomson-East Coast Line,162143.0,213811.0,246895.0,172894.0,10751.0,6.630566845315555,reliable
NS25/EW13,City Hall,North-South Line ,2736559.0,3023738.0,3085322.0,2916179.0,179620.0,6.563717427616214,interchange_code
DT18,Telok Ayer,Downtown Line,834113.0,943457.0,869168.0,888427.0,54314.0,6.511587758493153,reliable
DT28,Kaki Bukit,Downtown Line,650073.0,715464.0,693963.0,691869.0,41796.0,6.429431771508738,reliable
NS8,Marsiling,North-South Line ,1051148.0,1177023.0,1148754.0,1118273.0,67125.0,6.385875252580988,reliable
NS10,Admiralty,North-South Line ,2166783.0,2445822.0,2376431.0,2303652.0,136869.0,6.3166916114811675,reliable
NS2,Bukit Batok,North-South Line ,1637412.0,1836502.0,1791870.0,1740051.0,102639.0,6.268367399286191,reliable
EW30,Gul Circle,East-West Line,245732.0,268955.0,256367.0,260939.0,15207.0,6.188449204824768,reliable
EW6,Kembangan,East-West Line,620260.0,707168.0,690542.0,658217.0,37957.0,6.119530519459582,reliable
BP7,Petir,Bukit Panjang LRT,55414.0,68494.0,67117.0,58805.0,3391.0,6.119392211354532,reliable
NS3,Bukit Gombak,North-South Line ,1095261.0,1238193.0,1207668.0,1161709.0,66448.0,6.066864427748272,reliable
SW2,Farmway,Sengkang LRT,179072.0,204186.0,200876.0,189933.0,10861.0,6.065158148677627,reliable
EW17,Tiong Bahru,East-West Line,1365767.0,1514175.0,1485449.0,1448594.0,82827.0,6.064504414003267,reliable
NE5,Clarke Quay,North East Line,786833.0,917574.0,919900.0,834540.0,47707.0,6.063167152369054,reliable
DT31,Tampines West,Downtown Line,506322.0,583305.0,557661.0,536289.0,29967.0,5.918565655847464,reliable
NS20,Novena,North-South Line ,2124450.0,2372450.0,2283919.0,2248425.0,123975.0,5.83562804490574,reliable
SW8,Renjong,Sengkang LRT,64784.0,74115.0,70401.0,68530.0,3746.0,5.782291923931835,reliable
DT23,Bendemeer,Downtown Line,264087.0,295599.0,280403.0,279306.0,15219.0,5.76287359847323,reliable
EW9,Aljunied,East-West Line,1308976.0,1459603.0,1455978.0,1383826.0,74850.0,5.718210265123272,reliable
NS5,Yew Tee,North-South Line ,1590541.0,1806184.0,1752079.0,1679861.0,89320.0,5.615699312372331,reliable
DT22,Jalan Besar,Downtown Line,608912.0,669131.0,688681.0,642673.0,33761.0,5.544479333631132,reliable
DT29,Bedok North,Downtown Line,423705.0,470687.0,450854.0,446778.0,23073.0,5.445534039012992,reliable
EW16/NE3/TE17,Outram Park,East-West Line,1908257.0,2131701.0,2002642.0,2011544.0,103287.0,5.412635719402576,interchange_code
NS9/TE2,Woodlands,North-South Line ,3342046.0,3768227.0,3694655.0,3520291.0,178245.0,5.333409534159614,interchange_code
EW2/DT32,Tampines,East-West Line,3051900.0,3368980.0,3313204.0,3213719.0,161819.0,5.3022379501294274,interchange_code
EW7,Eunos,East-West Line,821195.0,912620.0,895818.0,864189.0,42994.0,5.235540888583101,reliable
TE4,Springleaf,Thomson-East Coast Line,311493.0,363111.0,356637.0,327744.0,16251.0,5.217131685142203,reliable
NS13,Yishun,North-South Line ,2931173.0,3268826.0,3200951.0,3078707.0,147534.0,5.033275074517949,reliable
DT24,Geylang Bahru,Downtown Line,301593.0,327251.0,317192.0,316431.0,14838.0,4.919875461300494,reliable
EW10,Kallang,East-West Line,673997.0,761706.0,784110.0,706905.0,32908.0,4.882514313861932,reliable
BP8,Pending,Bukit Panjang LRT,102595.0,123176.0,118958.0,107523.0,4928.0,4.803352989911789,reliable
PW4,Samudera,Punggol LRT,229524.0,256610.0,255269.0,240369.0,10845.0,4.7249960788414285,reliable
EW33,Tuas Link,East-West Line,347346.0,368719.0,370770.0,363537.0,16191.0,4.661346323262683,reliable
EW5,Bedok,East-West Line,1735597.0,1916502.0,1886274.0,1815749.0,80152.0,4.618122755455327,reliable
EW14/NS26,Raffles Place,East-West Line,3019509.0,3400830.0,3146104.0,3157359.0,137850.0,4.565311777510847,interchange_code
DT20,Fort Canning,Downtown Line,351961.0,389461.0,394867.0,367735.0,15774.0,4.481746557146956,reliable
NS14,Khatib,North-South Line ,1825627.0,2103692.0,2030721.0,1906596.0,80969.0,4.43513379239023,reliable
BP11,Segar,Bukit Panjang LRT,178612.0,217370.0,210192.0,186528.0,7916.0,4.431953060264708,reliable
NE4/DT19,Chinatown,North East Line,2700778.0,3027436.0,3070699.0,2820098.0,119320.0,4.417986224710066,interchange_code
BP6/DT1,Bukit Panjang,Bukit Panjang LRT,2196405.0,2476694.0,2398543.0,2293036.0,96631.0,4.399507376827133,interchange_code
NS21/DT11,Newton,North-South Line ,3096717.0,3459938.0,3416651.0,3230502.0,133785.0,4.320220414070772,interchange_code
EW15,Tanjong Pagar,East-West Line,2028205.0,2253829.0,2074149.0,2115773.0,87568.0,4.317512283028589,reliable
TE14/NS22,Orchard,Thomson-East Coast Line,3608251.0,3961559.0,4090921.0,3763784.0,155533.0,4.31048172646526,interchange_code
NS16,Ang Mo Kio,North-South Line ,2422687.0,2683151.0,2603687.0,2524328.0,101641.0,4.195383060213722,reliable
BP13,Senja,Bukit Panjang LRT,60724.0,74741.0,71525.0,63255.0,2531.0,4.168038996113562,reliable
NS19,Toa Payoh,North-South Line ,2039308.0,2252101.0,2194389.0,2121509.0,82201.0,4.030828104435426,reliable
EW32,Tuas West Road,East-West Line,352628.0,372780.0,372306.0,366674.0,14046.0,3.983234456707919,reliable
NS4/BP1,Choa Chu Kang,North-South Line ,2167835.0,2425514.0,2360764.0,2252087.0,84252.0,3.8864581483369354,interchange_code
EW31,Tuas Crescent,East-West Line,280116.0,305732.0,291767.0,290042.0,9926.0,3.5435319653286492,reliable
BP2,South View,Bukit Panjang LRT,145653.0,170801.0,165818.0,150757.0,5104.0,3.5042189312956133,reliable
EW12/DT14,Bugis,East-West Line,3116784.0,3376272.0,3467611.0,3224951.0,108167.0,3.470468277557893,interchange_code
SW1,Cheng Lim,Sengkang LRT,101742.0,113227.0,107338.0,105205.0,3463.0,3.403707416799355,reliable
SE4,Kangkar,Sengkang LRT,205042.0,228310.0,224334.0,211725.0,6683.0,3.2593322343714948,reliable
EW29,Joo Koon,East-West Line,958866.0,1037277.0,987246.0,987818.0,28952.0,3.0193999995828404,reliable
CG2,Changi Airport,Changi Airport Branch Line,1142007.0,1269411.0,1357059.0,1173812.0,31805.0,2.785009198717696,reliable
BP10,Fajar,Bukit Panjang LRT,168326.0,194754.0,192683.0,172910.0,4584.0,2.7232869550752707,reliable
NS23,Somerset,North-South Line ,1923375.0,2074924.0,2123503.0,1975584.0,52209.0,2.7144472606745955,reliable
NS7,Kranji,North-South Line ,1679539.0,1732054.0,1746228.0,1718235.0,38696.0,2.303965552452191,reliable
BP3,Keat Hong,Bukit Panjang LRT,214456.0,251924.0,243382.0,218574.0,4118.0,1.9202074085127019,reliable
NS24/NE6/CC1,Dhoby Ghaut,North-South Line ,1791209.0,2017557.0,2006509.0,1816412.0,25203.0,1.4070384862961274,interchange_code
CG1/DT35,Expo,Changi Airport Branch Line,873840.0,972138.0,995381.0,875395.0,1555.0,0.17795019683237207,interchange_code
NE1/CC29,HarbourFront,North East Line,2857498.0,3188738.0,3191951.0,2856303.0,-1195.0,-0.04181980179863643,interchange_code
BP9,Bangkit,Bukit Panjang LRT,119269.0,142003.0,137406.0,118117.0,-1152.0,-0.9658838424066606,reliable
BP5,Phoenix,Bukit Panjang LRT,104082.0,127706.0,117627.0,102517.0,-1565.0,-1.5036221440787072,reliable
CC6,Stadium,Circle Line,456991.0,682248.0,668110.0,447591.0,-9400.0,-2.05693328752645,reliable
TE22,Gardens by the Bay,Thomson-East Coast Line,231248.0,284601.0,315566.0,225350.0,-5898.0,-2.5505085449387668,reliable
NS15,Yio Chu Kang,North-South Line ,1058406.0,1328152.0,1158147.0,995707.0,-62699.0,-5.923908216695672,reliable
EW22,Dover,East-West Line,482232.0,827949.0,640957.0,428875.0,-53357.0,-11.06459131704242,reliable
TE1,Woodlands North ,Thomson-East Coast Line,393115.0,575684.0,434599.0,341405.0,-51710.0,-13.153911705226207,reliable
NS28,Marina South Pier,North-South Line ,136704.0,142104.0,157525.0,116480.0,-20224.0,-14.794007490636703,reliable
CC30,Keppel,Circle Line,,12078.0,10319.0,8576.0,,,missing_month
CC31,Cantonment,Circle Line,,103825.0,140145.0,130379.0,,,missing_month
CC32,Prince Edward Road,Circle Line,,73926.0,107795.0,111524.0,,,missing_month
CC34/DT16,Bayfront,Circle Line / Downtown Line,,1402856.0,2312903.0,2077089.0,,,interchange_code
CE1/DT16,Bayfront,Circle Line Extension,2025235.0,792856.0,,,,,interchange_code
NS27/CC33/TE20,Marina Bay,Circle Line / North-South Line / Thomson-East Coast Line,,260199.0,387588.0,356374.0,,,interchange_code
NS27/CE2/TE20,Marina Bay,North-South Line ,317297.0,137275.0,,,,,interchange_code
